"","year","LAT_rounded","LON_rounded","HomicideCount"
"1",2018,33.73,-118.28,2
"2",2018,33.74,-118.29,2
"3",2018,33.74,-118.28,1
"4",2018,33.75,-118.29,1
"5",2018,33.77,-118.26,1
"6",2018,33.78,-118.27,3
"7",2018,33.78,-118.26,1
"8",2018,33.79,-118.27,2
"9",2018,33.8,-118.26,1
"10",2018,33.82,-118.3,1
"11",2018,33.84,-118.3,1
"12",2018,33.87,-118.29,1
"13",2018,33.88,-118.29,1
"14",2018,33.89,-118.29,1
"15",2018,33.92,-118.28,1
"16",2018,33.93,-118.28,2
"17",2018,33.93,-118.27,2
"18",2018,33.93,-118.25,1
"19",2018,33.94,-118.29,1
"20",2018,33.94,-118.28,3
"21",2018,33.94,-118.27,3
"22",2018,33.94,-118.25,1
"23",2018,33.95,-118.37,1
"24",2018,33.95,-118.31,1
"25",2018,33.95,-118.29,1
"26",2018,33.95,-118.28,2
"27",2018,33.95,-118.27,3
"28",2018,33.95,-118.26,1
"29",2018,33.95,-118.25,2
"30",2018,33.96,-118.44,1
"31",2018,33.96,-118.38,2
"32",2018,33.96,-118.32,2
"33",2018,33.96,-118.3,2
"34",2018,33.96,-118.29,3
"35",2018,33.96,-118.28,6
"36",2018,33.96,-118.26,4
"37",2018,33.97,-118.32,2
"38",2018,33.97,-118.31,1
"39",2018,33.97,-118.3,1
"40",2018,33.97,-118.29,3
"41",2018,33.97,-118.28,1
"42",2018,33.97,-118.27,1
"43",2018,33.98,-118.33,2
"44",2018,33.98,-118.32,1
"45",2018,33.98,-118.31,1
"46",2018,33.98,-118.29,4
"47",2018,33.98,-118.28,3
"48",2018,33.98,-118.27,2
"49",2018,33.99,-118.34,2
"50",2018,33.99,-118.33,1
"51",2018,33.99,-118.32,1
"52",2018,33.99,-118.31,2
"53",2018,33.99,-118.3,1
"54",2018,33.99,-118.28,2
"55",2018,33.99,-118.26,1
"56",2018,33.99,-118.25,1
"57",2018,34,-118.32,2
"58",2018,34,-118.29,2
"59",2018,34,-118.28,1
"60",2018,34,-118.27,3
"61",2018,34,-118.26,3
"62",2018,34.01,-118.36,1
"63",2018,34.01,-118.33,4
"64",2018,34.01,-118.31,2
"65",2018,34.01,-118.3,1
"66",2018,34.01,-118.29,2
"67",2018,34.01,-118.28,1
"68",2018,34.01,-118.27,2
"69",2018,34.01,-118.26,4
"70",2018,34.01,-118.25,1
"71",2018,34.01,-118.24,1
"72",2018,34.02,-118.35,2
"73",2018,34.02,-118.34,2
"74",2018,34.02,-118.3,1
"75",2018,34.02,-118.27,1
"76",2018,34.02,-118.26,2
"77",2018,34.03,-118.36,2
"78",2018,34.03,-118.35,1
"79",2018,34.03,-118.34,1
"80",2018,34.03,-118.33,1
"81",2018,34.03,-118.31,1
"82",2018,34.03,-118.28,2
"83",2018,34.03,-118.21,1
"84",2018,34.03,-118.2,1
"85",2018,34.04,-118.53,1
"86",2018,34.04,-118.36,1
"87",2018,34.04,-118.34,3
"88",2018,34.04,-118.32,1
"89",2018,34.04,-118.31,1
"90",2018,34.04,-118.29,1
"91",2018,34.04,-118.28,1
"92",2018,34.04,-118.27,2
"93",2018,34.04,-118.26,1
"94",2018,34.04,-118.25,4
"95",2018,34.04,-118.21,1
"96",2018,34.05,-118.32,1
"97",2018,34.05,-118.28,1
"98",2018,34.05,-118.27,2
"99",2018,34.05,-118.26,3
"100",2018,34.05,-118.25,3
"101",2018,34.05,-118.22,1
"102",2018,34.05,-118.2,1
"103",2018,34.06,-118.42,1
"104",2018,34.06,-118.31,1
"105",2018,34.06,-118.29,1
"106",2018,34.06,-118.28,1
"107",2018,34.06,-118.27,2
"108",2018,34.06,-118.26,3
"109",2018,34.06,-118.25,1
"110",2018,34.06,-118.21,1
"111",2018,34.07,-118.31,1
"112",2018,34.07,-118.29,1
"113",2018,34.07,-118.27,1
"114",2018,34.07,-118.23,1
"115",2018,34.07,-118.21,1
"116",2018,34.08,-118.3,1
"117",2018,34.08,-118.29,1
"118",2018,34.08,-118.27,1
"119",2018,34.08,-118.24,1
"120",2018,34.08,-118.22,1
"121",2018,34.08,-118.21,1
"122",2018,34.08,-118.16,1
"123",2018,34.09,-118.31,1
"124",2018,34.09,-118.18,1
"125",2018,34.09,-118.17,1
"126",2018,34.1,-118.36,1
"127",2018,34.1,-118.34,1
"128",2018,34.1,-118.33,2
"129",2018,34.1,-118.32,2
"130",2018,34.1,-118.26,1
"131",2018,34.1,-118.2,1
"132",2018,34.11,-118.33,1
"133",2018,34.11,-118.2,1
"134",2018,34.12,-118.26,2
"135",2018,34.13,-118.27,1
"136",2018,34.13,-118.26,1
"137",2018,34.15,-118.36,2
"138",2018,34.16,-118.63,1
"139",2018,34.16,-118.51,1
"140",2018,34.16,-118.38,1
"141",2018,34.17,-118.52,1
"142",2018,34.18,-118.43,2
"143",2018,34.18,-118.4,1
"144",2018,34.18,-118.38,1
"145",2018,34.19,-118.43,2
"146",2018,34.19,-118.37,1
"147",2018,34.19,-118.36,1
"148",2018,34.2,-118.59,1
"149",2018,34.2,-118.45,1
"150",2018,34.2,-118.4,1
"151",2018,34.2,-118.37,1
"152",2018,34.21,-118.55,1
"153",2018,34.21,-118.52,1
"154",2018,34.21,-118.5,1
"155",2018,34.22,-118.53,1
"156",2018,34.22,-118.42,1
"157",2018,34.23,-118.61,1
"158",2018,34.23,-118.46,1
"159",2018,34.23,-118.45,1
"160",2018,34.23,-118.3,1
"161",2018,34.24,-118.47,1
"162",2018,34.25,-118.42,1
"163",2018,34.25,-118.41,1
"164",2018,34.26,-118.44,1
"165",2018,34.26,-118.32,1
"166",2018,34.27,-118.42,1
"167",2018,34.28,-118.46,1
"168",2018,34.28,-118.43,1
"169",2018,34.28,-118.4,2
"170",2018,34.29,-118.46,1
"171",2018,34.29,-118.45,1
"172",2018,34.3,-118.45,1
"173",2018,34.31,-118.45,1
"174",2018,34.31,-118.44,2
"175",2018,34.32,-118.41,1
"176",2019,33.73,-118.3,1
"177",2019,33.73,-118.28,1
"178",2019,33.74,-118.29,1
"179",2019,33.74,-118.28,3
"180",2019,33.78,-118.27,4
"181",2019,33.78,-118.25,1
"182",2019,33.79,-118.3,1
"183",2019,33.79,-118.29,2
"184",2019,33.79,-118.25,1
"185",2019,33.8,-118.3,1
"186",2019,33.83,-118.3,1
"187",2019,33.86,-118.3,1
"188",2019,33.93,-118.29,1
"189",2019,33.93,-118.27,2
"190",2019,33.93,-118.26,1
"191",2019,33.93,-118.25,3
"192",2019,33.93,-118.24,1
"193",2019,33.94,-118.29,1
"194",2019,33.94,-118.28,3
"195",2019,33.94,-118.27,3
"196",2019,33.94,-118.26,1
"197",2019,33.94,-118.25,2
"198",2019,33.94,-118.24,4
"199",2019,33.95,-118.32,2
"200",2019,33.95,-118.31,2
"201",2019,33.95,-118.29,1
"202",2019,33.95,-118.28,1
"203",2019,33.95,-118.27,2
"204",2019,33.96,-118.39,1
"205",2019,33.96,-118.31,4
"206",2019,33.96,-118.28,4
"207",2019,33.96,-118.26,2
"208",2019,33.97,-118.46,1
"209",2019,33.97,-118.31,2
"210",2019,33.97,-118.3,1
"211",2019,33.97,-118.29,1
"212",2019,33.97,-118.28,6
"213",2019,33.97,-118.27,2
"214",2019,33.97,-118.26,1
"215",2019,33.98,-118.33,4
"216",2019,33.98,-118.31,1
"217",2019,33.98,-118.3,2
"218",2019,33.98,-118.29,2
"219",2019,33.98,-118.28,3
"220",2019,33.98,-118.27,1
"221",2019,33.99,-118.47,1
"222",2019,33.99,-118.33,2
"223",2019,33.99,-118.32,1
"224",2019,33.99,-118.3,1
"225",2019,33.99,-118.28,1
"226",2019,33.99,-118.26,2
"227",2019,34,-118.48,1
"228",2019,34,-118.47,1
"229",2019,34,-118.3,1
"230",2019,34,-118.28,1
"231",2019,34,-118.27,1
"232",2019,34,-118.26,1
"233",2019,34,-118.25,1
"234",2019,34.01,-118.35,1
"235",2019,34.01,-118.33,1
"236",2019,34.01,-118.32,1
"237",2019,34.01,-118.31,1
"238",2019,34.01,-118.29,4
"239",2019,34.01,-118.27,2
"240",2019,34.01,-118.26,2
"241",2019,34.01,-118.24,1
"242",2019,34.02,-118.35,1
"243",2019,34.02,-118.31,1
"244",2019,34.02,-118.28,1
"245",2019,34.02,-118.27,1
"246",2019,34.02,-118.26,2
"247",2019,34.02,-118.24,2
"248",2019,34.02,-118.22,1
"249",2019,34.02,-118.21,1
"250",2019,34.02,-118.19,1
"251",2019,34.03,-118.3,2
"252",2019,34.03,-118.27,2
"253",2019,34.03,-118.26,1
"254",2019,34.03,-118.24,1
"255",2019,34.03,-118.23,1
"256",2019,34.03,-118.22,1
"257",2019,34.04,-118.31,1
"258",2019,34.04,-118.3,1
"259",2019,34.04,-118.27,1
"260",2019,34.04,-118.26,2
"261",2019,34.04,-118.25,5
"262",2019,34.04,-118.24,3
"263",2019,34.04,-118.22,1
"264",2019,34.04,-118.21,2
"265",2019,34.05,-118.37,1
"266",2019,34.05,-118.34,1
"267",2019,34.05,-118.3,1
"268",2019,34.05,-118.27,1
"269",2019,34.05,-118.26,2
"270",2019,34.05,-118.25,1
"271",2019,34.05,-118.24,2
"272",2019,34.05,-118.23,2
"273",2019,34.05,-118.22,1
"274",2019,34.05,-118.21,1
"275",2019,34.05,-118.2,3
"276",2019,34.06,-118.44,1
"277",2019,34.06,-118.31,1
"278",2019,34.06,-118.3,1
"279",2019,34.06,-118.28,2
"280",2019,34.06,-118.26,1
"281",2019,34.06,-118.24,2
"282",2019,34.06,-118.21,1
"283",2019,34.06,-118.2,1
"284",2019,34.07,-118.45,1
"285",2019,34.07,-118.31,1
"286",2019,34.07,-118.3,1
"287",2019,34.07,-118.28,1
"288",2019,34.07,-118.27,1
"289",2019,34.07,-118.22,1
"290",2019,34.07,-118.2,1
"291",2019,34.07,-118.17,1
"292",2019,34.08,-118.31,1
"293",2019,34.08,-118.3,2
"294",2019,34.08,-118.29,1
"295",2019,34.08,-118.26,1
"296",2019,34.08,-118.22,1
"297",2019,34.09,-118.31,1
"298",2019,34.09,-118.3,1
"299",2019,34.09,-118.29,1
"300",2019,34.09,-118.19,1
"301",2019,34.09,-118.18,1
"302",2019,34.1,-118.35,1
"303",2019,34.1,-118.34,1
"304",2019,34.1,-118.3,1
"305",2019,34.12,-118.19,1
"306",2019,34.12,-118.17,1
"307",2019,34.14,-118.29,1
"308",2019,34.14,-118.21,1
"309",2019,34.16,-118.53,1
"310",2019,34.17,-118.45,1
"311",2019,34.17,-118.41,1
"312",2019,34.17,-118.38,1
"313",2019,34.18,-118.53,1
"314",2019,34.18,-118.45,2
"315",2019,34.18,-118.42,1
"316",2019,34.18,-118.38,1
"317",2019,34.19,-118.55,1
"318",2019,34.19,-118.54,1
"319",2019,34.19,-118.53,1
"320",2019,34.19,-118.5,1
"321",2019,34.19,-118.49,1
"322",2019,34.19,-118.48,1
"323",2019,34.19,-118.47,1
"324",2019,34.19,-118.43,1
"325",2019,34.19,-118.42,1
"326",2019,34.19,-118.38,1
"327",2019,34.19,-118.37,1
"328",2019,34.2,-118.55,1
"329",2019,34.2,-118.54,1
"330",2019,34.2,-118.53,1
"331",2019,34.2,-118.48,1
"332",2019,34.2,-118.41,1
"333",2019,34.2,-118.4,1
"334",2019,34.21,-118.48,1
"335",2019,34.21,-118.37,1
"336",2019,34.22,-118.6,2
"337",2019,34.22,-118.46,1
"338",2019,34.22,-118.37,1
"339",2019,34.23,-118.61,1
"340",2019,34.23,-118.47,2
"341",2019,34.23,-118.46,1
"342",2019,34.24,-118.55,2
"343",2019,34.25,-118.59,1
"344",2019,34.25,-118.44,1
"345",2019,34.26,-118.48,1
"346",2019,34.27,-118.5,1
"347",2019,34.27,-118.47,1
"348",2019,34.27,-118.42,2
"349",2019,34.27,-118.41,1
"350",2019,34.27,-118.4,1
"351",2019,34.3,-118.58,3
"352",2019,34.3,-118.46,1
"353",2019,34.31,-118.44,1
"354",2019,34.32,-118.43,1
"355",2019,34.32,-118.41,1
"356",2020,33.71,-118.29,2
"357",2020,33.73,-118.29,1
"358",2020,33.74,-118.29,2
"359",2020,33.74,-118.28,2
"360",2020,33.77,-118.26,1
"361",2020,33.78,-118.3,1
"362",2020,33.78,-118.27,1
"363",2020,33.78,-118.26,1
"364",2020,33.78,-118.25,1
"365",2020,33.79,-118.27,1
"366",2020,33.79,-118.25,2
"367",2020,33.79,-118.24,1
"368",2020,33.82,-118.3,1
"369",2020,33.9,-118.29,1
"370",2020,33.91,-118.29,1
"371",2020,33.92,-118.28,1
"372",2020,33.92,-118.27,1
"373",2020,33.92,-118.25,2
"374",2020,33.93,-118.28,2
"375",2020,33.93,-118.27,3
"376",2020,33.93,-118.25,1
"377",2020,33.93,-118.24,1
"378",2020,33.93,-118.23,3
"379",2020,33.94,-118.31,1
"380",2020,33.94,-118.29,1
"381",2020,33.94,-118.28,2
"382",2020,33.94,-118.27,1
"383",2020,33.94,-118.26,1
"384",2020,33.94,-118.25,1
"385",2020,33.94,-118.24,2
"386",2020,33.95,-118.31,3
"387",2020,33.95,-118.29,1
"388",2020,33.95,-118.28,1
"389",2020,33.95,-118.27,4
"390",2020,33.95,-118.26,3
"391",2020,33.95,-118.25,2
"392",2020,33.95,-118.24,4
"393",2020,33.96,-118.31,2
"394",2020,33.96,-118.3,2
"395",2020,33.96,-118.29,2
"396",2020,33.96,-118.28,4
"397",2020,33.96,-118.27,3
"398",2020,33.97,-118.33,2
"399",2020,33.97,-118.31,2
"400",2020,33.97,-118.3,2
"401",2020,33.97,-118.29,3
"402",2020,33.97,-118.28,5
"403",2020,33.97,-118.27,4
"404",2020,33.97,-118.26,1
"405",2020,33.98,-118.33,1
"406",2020,33.98,-118.31,1
"407",2020,33.98,-118.3,2
"408",2020,33.98,-118.29,2
"409",2020,33.98,-118.28,2
"410",2020,33.99,-118.48,1
"411",2020,33.99,-118.47,2
"412",2020,33.99,-118.33,2
"413",2020,33.99,-118.32,2
"414",2020,33.99,-118.31,1
"415",2020,33.99,-118.3,1
"416",2020,33.99,-118.29,4
"417",2020,33.99,-118.28,2
"418",2020,33.99,-118.27,2
"419",2020,33.99,-118.26,1
"420",2020,33.99,-118.24,1
"421",2020,34,-118.47,2
"422",2020,34,-118.32,1
"423",2020,34,-118.31,1
"424",2020,34,-118.3,1
"425",2020,34,-118.29,1
"426",2020,34,-118.28,2
"427",2020,34,-118.27,4
"428",2020,34,-118.26,1
"429",2020,34,-118.25,1
"430",2020,34,-118.24,1
"431",2020,34.01,-118.32,2
"432",2020,34.01,-118.31,3
"433",2020,34.01,-118.3,1
"434",2020,34.01,-118.29,2
"435",2020,34.01,-118.28,2
"436",2020,34.01,-118.27,3
"437",2020,34.01,-118.26,1
"438",2020,34.01,-118.24,1
"439",2020,34.01,-118.2,1
"440",2020,34.02,-118.37,1
"441",2020,34.02,-118.34,1
"442",2020,34.02,-118.32,1
"443",2020,34.02,-118.31,2
"444",2020,34.02,-118.3,2
"445",2020,34.02,-118.27,2
"446",2020,34.02,-118.26,1
"447",2020,34.02,-118.25,2
"448",2020,34.02,-118.24,1
"449",2020,34.02,-118.22,2
"450",2020,34.02,-118.2,3
"451",2020,34.02,-118.19,1
"452",2020,34.03,-118.34,1
"453",2020,34.03,-118.33,1
"454",2020,34.03,-118.3,1
"455",2020,34.03,-118.27,2
"456",2020,34.03,-118.25,2
"457",2020,34.03,-118.24,2
"458",2020,34.03,-118.23,1
"459",2020,34.03,-118.22,1
"460",2020,34.03,-118.2,2
"461",2020,34.04,-118.36,1
"462",2020,34.04,-118.35,1
"463",2020,34.04,-118.34,1
"464",2020,34.04,-118.33,1
"465",2020,34.04,-118.31,4
"466",2020,34.04,-118.28,2
"467",2020,34.04,-118.27,2
"468",2020,34.04,-118.26,3
"469",2020,34.04,-118.25,6
"470",2020,34.04,-118.24,5
"471",2020,34.04,-118.21,3
"472",2020,34.04,-118.2,3
"473",2020,34.05,-118.45,1
"474",2020,34.05,-118.31,1
"475",2020,34.05,-118.29,1
"476",2020,34.05,-118.28,6
"477",2020,34.05,-118.27,1
"478",2020,34.05,-118.26,3
"479",2020,34.05,-118.25,3
"480",2020,34.05,-118.24,2
"481",2020,34.05,-118.22,2
"482",2020,34.05,-118.21,1
"483",2020,34.05,-118.2,2
"484",2020,34.05,-118.19,1
"485",2020,34.06,-118.42,1
"486",2020,34.06,-118.37,1
"487",2020,34.06,-118.31,2
"488",2020,34.06,-118.3,1
"489",2020,34.06,-118.29,3
"490",2020,34.06,-118.28,4
"491",2020,34.06,-118.27,1
"492",2020,34.06,-118.26,1
"493",2020,34.06,-118.24,1
"494",2020,34.07,-118.32,2
"495",2020,34.07,-118.29,3
"496",2020,34.07,-118.27,2
"497",2020,34.07,-118.26,1
"498",2020,34.08,-118.36,1
"499",2020,34.08,-118.35,2
"500",2020,34.08,-118.32,1
"501",2020,34.08,-118.31,1
"502",2020,34.08,-118.22,1
"503",2020,34.08,-118.17,1
"504",2020,34.09,-118.3,1
"505",2020,34.09,-118.29,3
"506",2020,34.09,-118.23,1
"507",2020,34.09,-118.19,1
"508",2020,34.09,-118.17,1
"509",2020,34.09,-118.16,1
"510",2020,34.1,-118.34,2
"511",2020,34.1,-118.33,1
"512",2020,34.1,-118.31,1
"513",2020,34.1,-118.3,1
"514",2020,34.1,-118.2,1
"515",2020,34.1,-118.18,1
"516",2020,34.11,-118.42,1
"517",2020,34.11,-118.36,1
"518",2020,34.11,-118.33,1
"519",2020,34.11,-118.26,1
"520",2020,34.11,-118.24,1
"521",2020,34.11,-118.2,2
"522",2020,34.11,-118.19,1
"523",2020,34.11,-118.18,1
"524",2020,34.12,-118.19,3
"525",2020,34.13,-118.42,1
"526",2020,34.13,-118.4,1
"527",2020,34.13,-118.27,1
"528",2020,34.14,-118.53,1
"529",2020,34.14,-118.37,1
"530",2020,34.15,-118.37,2
"531",2020,34.16,-118.63,1
"532",2020,34.16,-118.48,1
"533",2020,34.16,-118.38,1
"534",2020,34.17,-118.58,1
"535",2020,34.17,-118.46,1
"536",2020,34.17,-118.38,1
"537",2020,34.17,-118.36,1
"538",2020,34.18,-118.51,1
"539",2020,34.18,-118.39,1
"540",2020,34.19,-118.63,1
"541",2020,34.19,-118.53,1
"542",2020,34.19,-118.48,1
"543",2020,34.19,-118.46,1
"544",2020,34.19,-118.44,2
"545",2020,34.19,-118.37,1
"546",2020,34.2,-118.47,2
"547",2020,34.2,-118.46,1
"548",2020,34.2,-118.45,1
"549",2020,34.2,-118.43,1
"550",2020,34.2,-118.39,1
"551",2020,34.21,-118.62,1
"552",2020,34.21,-118.59,1
"553",2020,34.21,-118.54,1
"554",2020,34.21,-118.48,1
"555",2020,34.21,-118.4,1
"556",2020,34.21,-118.39,1
"557",2020,34.22,-118.45,1
"558",2020,34.23,-118.46,1
"559",2020,34.23,-118.43,1
"560",2020,34.23,-118.38,1
"561",2020,34.25,-118.59,1
"562",2020,34.25,-118.41,1
"563",2020,34.26,-118.42,1
"564",2020,34.27,-118.42,1
"565",2020,34.27,-118.41,1
"566",2020,34.28,-118.42,2
"567",2020,34.28,-118.41,1
"568",2020,34.29,-118.41,1
"569",2020,34.3,-118.44,2
"570",2020,34.3,-118.41,1
"571",2020,34.31,-118.45,3
"572",2021,33.72,-118.29,1
"573",2021,33.73,-118.29,1
"574",2021,33.74,-118.29,1
"575",2021,33.74,-118.28,3
"576",2021,33.78,-118.27,3
"577",2021,33.78,-118.26,5
"578",2021,33.79,-118.3,3
"579",2021,33.79,-118.27,1
"580",2021,33.79,-118.26,1
"581",2021,33.79,-118.25,1
"582",2021,33.79,-118.24,1
"583",2021,33.8,-118.29,1
"584",2021,33.82,-118.3,1
"585",2021,33.86,-118.29,1
"586",2021,33.87,-118.28,1
"587",2021,33.88,-118.28,1
"588",2021,33.91,-118.29,1
"589",2021,33.92,-118.27,1
"590",2021,33.93,-118.29,1
"591",2021,33.93,-118.28,3
"592",2021,33.93,-118.27,3
"593",2021,33.93,-118.26,2
"594",2021,33.93,-118.25,9
"595",2021,33.93,-118.24,2
"596",2021,33.93,-118.23,1
"597",2021,33.94,-118.27,3
"598",2021,33.94,-118.26,1
"599",2021,33.94,-118.25,2
"600",2021,33.94,-118.24,6
"601",2021,33.94,-118.23,1
"602",2021,33.95,-118.31,3
"603",2021,33.95,-118.3,2
"604",2021,33.95,-118.28,4
"605",2021,33.95,-118.27,4
"606",2021,33.95,-118.26,1
"607",2021,33.95,-118.25,2
"608",2021,33.95,-118.24,1
"609",2021,33.96,-118.42,1
"610",2021,33.96,-118.38,1
"611",2021,33.96,-118.32,1
"612",2021,33.96,-118.31,3
"613",2021,33.96,-118.29,2
"614",2021,33.96,-118.28,4
"615",2021,33.96,-118.27,4
"616",2021,33.96,-118.26,2
"617",2021,33.97,-118.33,3
"618",2021,33.97,-118.31,2
"619",2021,33.97,-118.29,2
"620",2021,33.97,-118.28,5
"621",2021,33.97,-118.27,2
"622",2021,33.97,-118.26,1
"623",2021,33.98,-118.33,1
"624",2021,33.98,-118.32,1
"625",2021,33.98,-118.31,2
"626",2021,33.98,-118.3,1
"627",2021,33.98,-118.29,2
"628",2021,33.98,-118.28,7
"629",2021,33.98,-118.27,2
"630",2021,33.98,-118.26,1
"631",2021,33.99,-118.48,1
"632",2021,33.99,-118.46,1
"633",2021,33.99,-118.41,2
"634",2021,33.99,-118.33,5
"635",2021,33.99,-118.32,4
"636",2021,33.99,-118.31,2
"637",2021,33.99,-118.3,2
"638",2021,33.99,-118.28,3
"639",2021,33.99,-118.27,2
"640",2021,33.99,-118.25,1
"641",2021,33.99,-118.24,2
"642",2021,34,-118.47,1
"643",2021,34,-118.43,1
"644",2021,34,-118.33,1
"645",2021,34,-118.32,1
"646",2021,34,-118.31,2
"647",2021,34,-118.29,2
"648",2021,34,-118.27,2
"649",2021,34,-118.26,2
"650",2021,34.01,-118.35,2
"651",2021,34.01,-118.34,4
"652",2021,34.01,-118.33,1
"653",2021,34.01,-118.31,1
"654",2021,34.01,-118.29,1
"655",2021,34.01,-118.28,5
"656",2021,34.01,-118.26,3
"657",2021,34.01,-118.24,1
"658",2021,34.02,-118.33,1
"659",2021,34.02,-118.32,1
"660",2021,34.02,-118.31,1
"661",2021,34.02,-118.3,2
"662",2021,34.02,-118.27,3
"663",2021,34.02,-118.26,1
"664",2021,34.02,-118.24,1
"665",2021,34.02,-118.23,1
"666",2021,34.02,-118.21,1
"667",2021,34.02,-118.2,2
"668",2021,34.03,-118.39,1
"669",2021,34.03,-118.37,1
"670",2021,34.03,-118.36,1
"671",2021,34.03,-118.34,1
"672",2021,34.03,-118.32,1
"673",2021,34.03,-118.31,1
"674",2021,34.03,-118.28,1
"675",2021,34.03,-118.22,3
"676",2021,34.03,-118.19,1
"677",2021,34.04,-118.35,1
"678",2021,34.04,-118.34,1
"679",2021,34.04,-118.33,2
"680",2021,34.04,-118.31,1
"681",2021,34.04,-118.28,2
"682",2021,34.04,-118.27,2
"683",2021,34.04,-118.26,3
"684",2021,34.04,-118.25,9
"685",2021,34.04,-118.24,4
"686",2021,34.04,-118.21,1
"687",2021,34.05,-118.35,1
"688",2021,34.05,-118.33,1
"689",2021,34.05,-118.32,1
"690",2021,34.05,-118.31,1
"691",2021,34.05,-118.3,1
"692",2021,34.05,-118.29,1
"693",2021,34.05,-118.28,1
"694",2021,34.05,-118.26,6
"695",2021,34.05,-118.25,1
"696",2021,34.05,-118.24,3
"697",2021,34.05,-118.22,2
"698",2021,34.05,-118.21,1
"699",2021,34.05,-118.2,3
"700",2021,34.06,-118.35,1
"701",2021,34.06,-118.34,1
"702",2021,34.06,-118.33,1
"703",2021,34.06,-118.3,2
"704",2021,34.06,-118.29,2
"705",2021,34.06,-118.28,2
"706",2021,34.06,-118.27,4
"707",2021,34.06,-118.26,2
"708",2021,34.06,-118.25,1
"709",2021,34.06,-118.24,1
"710",2021,34.06,-118.18,1
"711",2021,34.07,-118.37,1
"712",2021,34.07,-118.36,1
"713",2021,34.07,-118.31,1
"714",2021,34.07,-118.3,1
"715",2021,34.07,-118.27,1
"716",2021,34.07,-118.25,1
"717",2021,34.07,-118.23,1
"718",2021,34.07,-118.22,3
"719",2021,34.07,-118.21,3
"720",2021,34.07,-118.2,2
"721",2021,34.07,-118.19,2
"722",2021,34.07,-118.18,1
"723",2021,34.07,-118.17,2
"724",2021,34.08,-118.36,1
"725",2021,34.08,-118.35,2
"726",2021,34.08,-118.3,1
"727",2021,34.08,-118.29,1
"728",2021,34.08,-118.27,1
"729",2021,34.08,-118.26,1
"730",2021,34.08,-118.25,1
"731",2021,34.08,-118.19,1
"732",2021,34.08,-118.18,1
"733",2021,34.08,-118.17,1
"734",2021,34.09,-118.31,1
"735",2021,34.09,-118.23,6
"736",2021,34.09,-118.22,1
"737",2021,34.09,-118.21,2
"738",2021,34.09,-118.2,1
"739",2021,34.09,-118.19,2
"740",2021,34.09,-118.18,1
"741",2021,34.09,-118.17,1
"742",2021,34.1,-118.35,2
"743",2021,34.1,-118.34,1
"744",2021,34.1,-118.33,1
"745",2021,34.1,-118.32,4
"746",2021,34.1,-118.3,1
"747",2021,34.1,-118.29,1
"748",2021,34.1,-118.24,1
"749",2021,34.11,-118.21,1
"750",2021,34.11,-118.19,2
"751",2021,34.12,-118.24,2
"752",2021,34.12,-118.23,1
"753",2021,34.12,-118.22,1
"754",2021,34.12,-118.19,1
"755",2021,34.15,-118.52,1
"756",2021,34.15,-118.46,1
"757",2021,34.16,-118.42,1
"758",2021,34.16,-118.41,1
"759",2021,34.16,-118.37,1
"760",2021,34.17,-118.6,1
"761",2021,34.17,-118.38,1
"762",2021,34.18,-118.61,1
"763",2021,34.18,-118.59,1
"764",2021,34.18,-118.41,1
"765",2021,34.18,-118.38,1
"766",2021,34.18,-118.36,1
"767",2021,34.19,-118.58,1
"768",2021,34.19,-118.43,1
"769",2021,34.19,-118.42,1
"770",2021,34.19,-118.4,1
"771",2021,34.2,-118.6,1
"772",2021,34.2,-118.57,2
"773",2021,34.2,-118.48,1
"774",2021,34.2,-118.47,1
"775",2021,34.2,-118.45,1
"776",2021,34.2,-118.44,1
"777",2021,34.2,-118.4,1
"778",2021,34.2,-118.37,1
"779",2021,34.21,-118.59,1
"780",2021,34.21,-118.55,1
"781",2021,34.21,-118.53,3
"782",2021,34.21,-118.51,1
"783",2021,34.21,-118.45,1
"784",2021,34.21,-118.44,1
"785",2021,34.21,-118.43,1
"786",2021,34.21,-118.42,1
"787",2021,34.21,-118.4,1
"788",2021,34.21,-118.39,1
"789",2021,34.22,-118.53,1
"790",2021,34.22,-118.47,1
"791",2021,34.22,-118.45,1
"792",2021,34.23,-118.59,1
"793",2021,34.23,-118.56,1
"794",2021,34.23,-118.55,1
"795",2021,34.23,-118.49,1
"796",2021,34.23,-118.47,1
"797",2021,34.23,-118.46,1
"798",2021,34.23,-118.42,1
"799",2021,34.24,-118.56,1
"800",2021,34.24,-118.47,2
"801",2021,34.24,-118.44,1
"802",2021,34.26,-118.48,1
"803",2021,34.26,-118.46,1
"804",2021,34.26,-118.44,1
"805",2021,34.28,-118.41,1
"806",2021,34.3,-118.47,2
"807",2021,34.3,-118.42,1
"808",2021,34.31,-118.45,1
"809",2022,33.73,-118.29,2
"810",2022,33.74,-118.29,1
"811",2022,33.75,-118.31,2
"812",2022,33.76,-118.29,1
"813",2022,33.77,-118.27,2
"814",2022,33.78,-118.27,2
"815",2022,33.78,-118.24,2
"816",2022,33.78,-118.23,1
"817",2022,33.79,-118.28,1
"818",2022,33.79,-118.25,1
"819",2022,33.79,-118.24,1
"820",2022,33.82,-118.3,1
"821",2022,33.86,-118.28,1
"822",2022,33.89,-118.29,1
"823",2022,33.92,-118.29,2
"824",2022,33.93,-118.29,1
"825",2022,33.93,-118.28,1
"826",2022,33.93,-118.27,1
"827",2022,33.93,-118.26,2
"828",2022,33.93,-118.25,5
"829",2022,33.94,-118.29,1
"830",2022,33.94,-118.28,7
"831",2022,33.94,-118.27,4
"832",2022,33.94,-118.25,1
"833",2022,33.94,-118.24,1
"834",2022,33.94,-118.23,1
"835",2022,33.95,-118.45,1
"836",2022,33.95,-118.31,2
"837",2022,33.95,-118.29,2
"838",2022,33.95,-118.28,2
"839",2022,33.95,-118.27,7
"840",2022,33.95,-118.26,4
"841",2022,33.95,-118.25,3
"842",2022,33.95,-118.24,1
"843",2022,33.96,-118.45,1
"844",2022,33.96,-118.31,1
"845",2022,33.96,-118.3,1
"846",2022,33.96,-118.29,2
"847",2022,33.96,-118.28,8
"848",2022,33.96,-118.27,1
"849",2022,33.96,-118.26,2
"850",2022,33.97,-118.33,1
"851",2022,33.97,-118.32,1
"852",2022,33.97,-118.31,1
"853",2022,33.97,-118.3,3
"854",2022,33.97,-118.29,2
"855",2022,33.97,-118.28,10
"856",2022,33.97,-118.27,2
"857",2022,33.98,-118.43,1
"858",2022,33.98,-118.34,1
"859",2022,33.98,-118.33,3
"860",2022,33.98,-118.31,3
"861",2022,33.98,-118.3,3
"862",2022,33.98,-118.29,2
"863",2022,33.98,-118.28,4
"864",2022,33.98,-118.27,3
"865",2022,33.98,-118.26,1
"866",2022,33.99,-118.48,1
"867",2022,33.99,-118.45,2
"868",2022,33.99,-118.31,2
"869",2022,33.99,-118.3,3
"870",2022,33.99,-118.29,2
"871",2022,33.99,-118.28,2
"872",2022,33.99,-118.27,1
"873",2022,33.99,-118.26,1
"874",2022,33.99,-118.25,1
"875",2022,33.99,-118.24,1
"876",2022,34,-118.44,1
"877",2022,34,-118.3,1
"878",2022,34.01,-118.35,3
"879",2022,34.01,-118.34,1
"880",2022,34.01,-118.33,1
"881",2022,34.01,-118.31,1
"882",2022,34.01,-118.3,2
"883",2022,34.01,-118.28,2
"884",2022,34.01,-118.27,1
"885",2022,34.01,-118.25,4
"886",2022,34.02,-118.43,1
"887",2022,34.02,-118.37,1
"888",2022,34.02,-118.35,1
"889",2022,34.02,-118.34,1
"890",2022,34.02,-118.32,1
"891",2022,34.02,-118.31,1
"892",2022,34.02,-118.27,2
"893",2022,34.02,-118.26,2
"894",2022,34.02,-118.25,2
"895",2022,34.02,-118.24,3
"896",2022,34.02,-118.23,1
"897",2022,34.02,-118.22,3
"898",2022,34.02,-118.21,2
"899",2022,34.02,-118.2,1
"900",2022,34.03,-118.4,1
"901",2022,34.03,-118.33,1
"902",2022,34.03,-118.32,1
"903",2022,34.03,-118.31,1
"904",2022,34.03,-118.3,2
"905",2022,34.03,-118.29,1
"906",2022,34.03,-118.27,1
"907",2022,34.03,-118.26,3
"908",2022,34.03,-118.25,3
"909",2022,34.03,-118.23,1
"910",2022,34.03,-118.2,5
"911",2022,34.04,-118.38,1
"912",2022,34.04,-118.35,1
"913",2022,34.04,-118.32,1
"914",2022,34.04,-118.29,1
"915",2022,34.04,-118.28,1
"916",2022,34.04,-118.27,1
"917",2022,34.04,-118.26,1
"918",2022,34.04,-118.25,9
"919",2022,34.04,-118.24,6
"920",2022,34.04,-118.22,1
"921",2022,34.04,-118.21,2
"922",2022,34.04,-118.2,1
"923",2022,34.05,-118.36,1
"924",2022,34.05,-118.34,1
"925",2022,34.05,-118.3,2
"926",2022,34.05,-118.29,2
"927",2022,34.05,-118.28,2
"928",2022,34.05,-118.27,2
"929",2022,34.05,-118.26,1
"930",2022,34.05,-118.25,6
"931",2022,34.05,-118.21,3
"932",2022,34.05,-118.2,1
"933",2022,34.06,-118.3,3
"934",2022,34.06,-118.29,1
"935",2022,34.06,-118.28,3
"936",2022,34.06,-118.27,7
"937",2022,34.06,-118.26,1
"938",2022,34.06,-118.24,1
"939",2022,34.06,-118.23,2
"940",2022,34.07,-118.31,1
"941",2022,34.07,-118.3,3
"942",2022,34.07,-118.29,2
"943",2022,34.07,-118.28,1
"944",2022,34.07,-118.22,1
"945",2022,34.07,-118.21,2
"946",2022,34.07,-118.2,1
"947",2022,34.08,-118.37,1
"948",2022,34.08,-118.36,1
"949",2022,34.08,-118.34,1
"950",2022,34.08,-118.29,1
"951",2022,34.08,-118.26,1
"952",2022,34.08,-118.22,2
"953",2022,34.08,-118.21,2
"954",2022,34.08,-118.17,1
"955",2022,34.09,-118.33,1
"956",2022,34.09,-118.32,2
"957",2022,34.09,-118.31,4
"958",2022,34.09,-118.3,1
"959",2022,34.09,-118.29,2
"960",2022,34.09,-118.26,2
"961",2022,34.09,-118.25,1
"962",2022,34.09,-118.22,1
"963",2022,34.09,-118.21,4
"964",2022,34.09,-118.17,1
"965",2022,34.09,-118.16,1
"966",2022,34.1,-118.33,2
"967",2022,34.1,-118.32,3
"968",2022,34.1,-118.31,1
"969",2022,34.11,-118.25,1
"970",2022,34.12,-118.19,1
"971",2022,34.13,-118.27,2
"972",2022,34.14,-118.29,1
"973",2022,34.14,-118.27,1
"974",2022,34.15,-118.53,1
"975",2022,34.15,-118.48,1
"976",2022,34.15,-118.4,1
"977",2022,34.15,-118.37,1
"978",2022,34.16,-118.61,1
"979",2022,34.16,-118.39,1
"980",2022,34.17,-118.6,1
"981",2022,34.17,-118.59,1
"982",2022,34.17,-118.57,1
"983",2022,34.17,-118.54,1
"984",2022,34.17,-118.52,1
"985",2022,34.17,-118.47,1
"986",2022,34.17,-118.36,1
"987",2022,34.18,-118.48,1
"988",2022,34.18,-118.43,1
"989",2022,34.18,-118.38,1
"990",2022,34.19,-118.64,1
"991",2022,34.19,-118.62,3
"992",2022,34.19,-118.44,1
"993",2022,34.19,-118.42,1
"994",2022,34.19,-118.39,1
"995",2022,34.19,-118.38,1
"996",2022,34.2,-118.6,3
"997",2022,34.2,-118.58,1
"998",2022,34.2,-118.57,1
"999",2022,34.2,-118.46,1
"1000",2022,34.2,-118.44,1
"1001",2022,34.2,-118.43,1
"1002",2022,34.2,-118.42,2
"1003",2022,34.2,-118.4,1
"1004",2022,34.21,-118.6,1
"1005",2022,34.21,-118.53,1
"1006",2022,34.21,-118.39,1
"1007",2022,34.21,-118.37,1
"1008",2022,34.22,-118.52,1
"1009",2022,34.22,-118.48,1
"1010",2022,34.22,-118.47,3
"1011",2022,34.22,-118.37,1
"1012",2022,34.23,-118.56,1
"1013",2022,34.23,-118.48,1
"1014",2022,34.23,-118.46,1
"1015",2022,34.23,-118.45,3
"1016",2022,34.23,-118.4,1
"1017",2022,34.23,-118.37,1
"1018",2022,34.23,-118.29,1
"1019",2022,34.24,-118.59,1
"1020",2022,34.24,-118.53,1
"1021",2022,34.25,-118.58,1
"1022",2022,34.25,-118.4,1
"1023",2022,34.26,-118.52,1
"1024",2022,34.26,-118.43,1
"1025",2022,34.26,-118.31,1
"1026",2022,34.27,-118.47,1
"1027",2022,34.27,-118.42,1
"1028",2022,34.27,-118.4,1
"1029",2022,34.28,-118.47,1
"1030",2022,34.28,-118.43,1
"1031",2022,34.28,-118.41,1
"1032",2022,34.28,-118.3,1
"1033",2022,34.31,-118.47,2
"1034",2022,34.31,-118.44,1
"1035",2023,33.73,-118.28,1
"1036",2023,33.74,-118.28,1
"1037",2023,33.75,-118.29,2
"1038",2023,33.76,-118.3,1
"1039",2023,33.76,-118.29,1
"1040",2023,33.77,-118.27,1
"1041",2023,33.78,-118.25,1
"1042",2023,33.79,-118.29,2
"1043",2023,33.79,-118.25,2
"1044",2023,33.8,-118.3,1
"1045",2023,33.88,-118.28,1
"1046",2023,33.93,-118.29,1
"1047",2023,33.93,-118.28,2
"1048",2023,33.93,-118.27,4
"1049",2023,33.93,-118.26,1
"1050",2023,33.93,-118.25,3
"1051",2023,33.93,-118.24,1
"1052",2023,33.93,-118.23,2
"1053",2023,33.94,-118.29,2
"1054",2023,33.94,-118.28,1
"1055",2023,33.94,-118.27,4
"1056",2023,33.94,-118.24,2
"1057",2023,33.94,-118.23,1
"1058",2023,33.95,-118.31,1
"1059",2023,33.95,-118.3,2
"1060",2023,33.95,-118.28,2
"1061",2023,33.95,-118.27,5
"1062",2023,33.95,-118.26,2
"1063",2023,33.95,-118.24,1
"1064",2023,33.95,-118.23,1
"1065",2023,33.96,-118.31,3
"1066",2023,33.96,-118.29,2
"1067",2023,33.96,-118.28,3
"1068",2023,33.96,-118.27,3
"1069",2023,33.96,-118.26,1
"1070",2023,33.97,-118.43,1
"1071",2023,33.97,-118.31,3
"1072",2023,33.97,-118.27,2
"1073",2023,33.97,-118.26,1
"1074",2023,33.98,-118.43,1
"1075",2023,33.98,-118.37,1
"1076",2023,33.98,-118.33,2
"1077",2023,33.98,-118.31,1
"1078",2023,33.98,-118.3,1
"1079",2023,33.98,-118.29,3
"1080",2023,33.98,-118.28,1
"1081",2023,33.98,-118.27,1
"1082",2023,33.99,-118.47,2
"1083",2023,33.99,-118.45,1
"1084",2023,33.99,-118.44,1
"1085",2023,33.99,-118.34,3
"1086",2023,33.99,-118.33,3
"1087",2023,33.99,-118.32,2
"1088",2023,33.99,-118.31,4
"1089",2023,33.99,-118.3,4
"1090",2023,33.99,-118.29,2
"1091",2023,33.99,-118.28,1
"1092",2023,33.99,-118.24,1
"1093",2023,34,-118.4,1
"1094",2023,34,-118.31,2
"1095",2023,34,-118.3,1
"1096",2023,34,-118.28,2
"1097",2023,34,-118.27,2
"1098",2023,34,-118.26,1
"1099",2023,34,-118.25,1
"1100",2023,34,-118.24,1
"1101",2023,34.01,-118.36,1
"1102",2023,34.01,-118.35,1
"1103",2023,34.01,-118.34,1
"1104",2023,34.01,-118.31,1
"1105",2023,34.01,-118.3,2
"1106",2023,34.01,-118.28,1
"1107",2023,34.01,-118.26,1
"1108",2023,34.01,-118.24,1
"1109",2023,34.02,-118.42,2
"1110",2023,34.02,-118.35,3
"1111",2023,34.02,-118.3,1
"1112",2023,34.02,-118.28,1
"1113",2023,34.02,-118.27,1
"1114",2023,34.02,-118.26,1
"1115",2023,34.02,-118.25,2
"1116",2023,34.02,-118.21,5
"1117",2023,34.03,-118.35,1
"1118",2023,34.03,-118.33,1
"1119",2023,34.03,-118.32,1
"1120",2023,34.03,-118.31,1
"1121",2023,34.03,-118.28,1
"1122",2023,34.03,-118.27,1
"1123",2023,34.03,-118.26,5
"1124",2023,34.03,-118.25,2
"1125",2023,34.03,-118.22,1
"1126",2023,34.03,-118.2,2
"1127",2023,34.04,-118.38,1
"1128",2023,34.04,-118.35,1
"1129",2023,34.04,-118.31,1
"1130",2023,34.04,-118.29,3
"1131",2023,34.04,-118.26,1
"1132",2023,34.04,-118.25,5
"1133",2023,34.04,-118.24,4
"1134",2023,34.04,-118.23,1
"1135",2023,34.04,-118.22,2
"1136",2023,34.04,-118.21,7
"1137",2023,34.05,-118.35,1
"1138",2023,34.05,-118.27,3
"1139",2023,34.05,-118.26,5
"1140",2023,34.05,-118.25,8
"1141",2023,34.05,-118.24,1
"1142",2023,34.05,-118.23,1
"1143",2023,34.05,-118.22,1
"1144",2023,34.05,-118.21,1
"1145",2023,34.05,-118.2,3
"1146",2023,34.06,-118.36,1
"1147",2023,34.06,-118.3,2
"1148",2023,34.06,-118.29,6
"1149",2023,34.06,-118.28,4
"1150",2023,34.06,-118.27,7
"1151",2023,34.06,-118.26,2
"1152",2023,34.06,-118.25,1
"1153",2023,34.06,-118.24,2
"1154",2023,34.06,-118.23,1
"1155",2023,34.06,-118.22,1
"1156",2023,34.07,-118.37,1
"1157",2023,34.07,-118.35,1
"1158",2023,34.07,-118.29,2
"1159",2023,34.07,-118.28,1
"1160",2023,34.07,-118.27,1
"1161",2023,34.07,-118.22,1
"1162",2023,34.07,-118.21,1
"1163",2023,34.07,-118.2,1
"1164",2023,34.07,-118.19,1
"1165",2023,34.07,-118.17,2
"1166",2023,34.08,-118.22,1
"1167",2023,34.08,-118.18,2
"1168",2023,34.08,-118.17,1
"1169",2023,34.09,-118.33,2
"1170",2023,34.09,-118.3,1
"1171",2023,34.09,-118.26,1
"1172",2023,34.09,-118.2,1
"1173",2023,34.09,-118.17,2
"1174",2023,34.09,-118.16,1
"1175",2023,34.1,-118.36,1
"1176",2023,34.1,-118.35,1
"1177",2023,34.1,-118.34,2
"1178",2023,34.1,-118.33,2
"1179",2023,34.1,-118.32,1
"1180",2023,34.1,-118.28,1
"1181",2023,34.1,-118.23,1
"1182",2023,34.1,-118.2,1
"1183",2023,34.11,-118.24,1
"1184",2023,34.12,-118.43,3
"1185",2023,34.12,-118.34,1
"1186",2023,34.12,-118.23,1
"1187",2023,34.13,-118.35,1
"1188",2023,34.14,-118.59,1
"1189",2023,34.14,-118.56,2
"1190",2023,34.15,-118.45,1
"1191",2023,34.15,-118.37,2
"1192",2023,34.15,-118.36,1
"1193",2023,34.16,-118.49,1
"1194",2023,34.16,-118.37,1
"1195",2023,34.17,-118.39,1
"1196",2023,34.17,-118.38,3
"1197",2023,34.18,-118.6,1
"1198",2023,34.18,-118.56,1
"1199",2023,34.18,-118.54,1
"1200",2023,34.18,-118.45,1
"1201",2023,34.18,-118.43,1
"1202",2023,34.18,-118.4,1
"1203",2023,34.18,-118.39,1
"1204",2023,34.19,-118.63,1
"1205",2023,34.19,-118.59,1
"1206",2023,34.19,-118.56,1
"1207",2023,34.19,-118.46,1
"1208",2023,34.19,-118.42,1
"1209",2023,34.19,-118.41,2
"1210",2023,34.19,-118.37,1
"1211",2023,34.2,-118.47,1
"1212",2023,34.2,-118.41,1
"1213",2023,34.2,-118.37,1
"1214",2023,34.22,-118.59,1
"1215",2023,34.22,-118.53,1
"1216",2023,34.22,-118.5,1
"1217",2023,34.22,-118.49,1
"1218",2023,34.22,-118.39,2
"1219",2023,34.22,-118.37,2
"1220",2023,34.23,-118.58,1
"1221",2023,34.23,-118.55,2
"1222",2023,34.23,-118.46,1
"1223",2023,34.23,-118.45,1
"1224",2023,34.23,-118.43,1
"1225",2023,34.24,-118.6,1
"1226",2023,34.25,-118.41,1
"1227",2023,34.25,-118.27,1
"1228",2023,34.26,-118.5,1
"1229",2023,34.26,-118.44,1
"1230",2023,34.26,-118.43,1
"1231",2023,34.26,-118.4,1
"1232",2023,34.28,-118.4,1
"1233",2023,34.29,-118.57,1
"1234",2023,34.31,-118.47,1
"1235",2023,34.32,-118.48,1
"1236",2023,34.32,-118.47,1
"1237",2023,34.32,-118.4,1
